<?xml version="1.0" encoding="utf-8"?>

<ModMetaData>
	<name>Stick Lantern</name>
	<author>Dalrae</author>
	<targetVersion>1.0.2059</targetVersion>
	<description>
Add a new light source, stick lantern

It is constructed with 20 pieces of wood and 20 pieces of steel.

It's longer than a torch and it does not turn off when it rains !!!

I think it's compatible with existing save files.

Languages: English, 한국어, 日本語, 简体中文,

Thanks Google translation!
		</description>
</ModMetaData>